human_index,jump_start_frame,jump_end_frame,jump_start_y,jump_end_y,jump_duration
0,452,496,11.281617957009498,8.024505525616153,44
1,462,485,6.019063441423564,4.886545445572088,23
